4073148a036e,405cb301-cd49-44aa-a76d-e66716d42e9e
cc489c6256b3,405cb301-cd49-44aa-a76d-e66716d42e9e
d9c3d78c1662,405cb301-cd49-44aa-a76d-e66716d42e9e
c77de2da9296,405cb301-cd49-44aa-a76d-e66716d42e9e
e773f0334dcf,1cd8814e-e452-4831-9307-784188a597f7
ddb75e3176f2,1cd8814e-e452-4831-9307-784188a597f7,izhak
8c1e90308669,1cd8814e-e452-4831-9307-784188a597f7,omer
4c9f0e774419,7d5f4f0e-cf23-4708-aab3-1267096effb5,shai
466e1893a7f0,1cd8814e-e452-4831-9307-784188a597f7,omer
c91cd510bfdf,1cd8814e-e452-4831-9307-784188a597f7
a15ca2e6ea57,1cd8814e-e452-4831-9307-784188a597f7,omer
0beac39e91ba,7d5f4f0e-cf23-4708-aab3-1267096effb5,omer
18043a9208d0,add3567f-6f27-4d5b-ab02-16c2bd7c03be,omer